service_id,service_name,service_category,description,provider_type,partner_organization,eligibility_criteria,max_utilizations_per_year,average_cost_per_service,funding_source,requires_appointment,turnaround_time_days,staff_contact_id,confidentiality_level,documentation_required,status,created_at,updated_at
SVC-965,Housing Assistance,Housing,Housing Assistance - Supporting foster and system-impacted youth with essential resources and guidance,Better Youth Direct,County Services,Age 16+,0,74.00,Grant Funded,true,0,STF-0047,Standard,None,Active,2022-01-10T00:00:00.000Z,2022-07-09T00:00:00.000Z
SVC-965,Emergency Shelter Referral,Housing,Emergency Shelter Referral - Supporting foster and system-impacted youth with essential resources and guidance,Better Youth Direct,Community Foundation,Foster Youth Only,0,75.00,Grant Funded,true,0,STF-0038,Standard,None,Active,2022-01-11T00:00:00.000Z,2022-07-10T00:00:00.000Z
SVC-965,Transportation Support,Housing,Transportation Support - Supporting foster and system-impacted youth with essential resources and guidance,Better Youth Direct,Local Church,System-Impacted Youth,0,76.00,Grant Funded,true,0,STF-0031,Standard,None,Active,2022-01-12T00:00:00.000Z,2022-07-11T00:00:00.000Z
SVC-965,Food Assistance,Housing,Food Assistance - Supporting foster and system-impacted youth with essential resources and guidance,Better Youth Direct,Youth Shelter Network,Emergency Only,0,77.00,Grant Funded,true,0,STF-0021,Standard,None,Active,2022-01-13T00:00:00.000Z,2022-07-12T00:00:00.000Z
SVC-965,Clothing Closet,Housing,Clothing Closet - Supporting foster and system-impacted youth with essential resources and guidance,Better Youth Direct,Career Center,Income-Based,0,78.00,Grant Funded,true,0,STF-0017,Standard,None,Active,2022-01-14T00:00:00.000Z,2022-07-13T00:00:00.000Z
SVC-965,School Supplies,Housing,School Supplies - Supporting foster and system-impacted youth with essential resources and guidance,Better Youth Direct,Health Clinic,Referral Required,0,79.00,Grant Funded,true,0,STF-0032,Standard,None,Active,2022-01-15T00:00:00.000Z,2022-07-14T00:00:00.000Z
SVC-965,Mental Health Counseling,Housing,Mental Health Counseling - Supporting foster and system-impacted youth with essential resources and guidance,Better Youth Direct,Legal Aid Society,All Enrolled Students,0,80.00,Grant Funded,true,0,STF-0013,Standard,None,Active,2022-01-16T00:00:00.000Z,2022-07-15T00:00:00.000Z
SVC-965,Crisis Intervention,Housing,Crisis Intervention - Supporting foster and system-impacted youth with essential resources and guidance,Better Youth Direct,Better Youth,Age 16+,0,81.00,Grant Funded,true,0,STF-0033,Standard,None,Active,2022-01-17T00:00:00.000Z,2022-07-16T00:00:00.000Z
SVC-965,Peer Support Groups,Housing,Peer Support Groups - Supporting foster and system-impacted youth with essential resources and guidance,Better Youth Direct,United Way,Foster Youth Only,0,82.00,Grant Funded,true,0,STF-0043,Standard,None,Active,2022-01-18T00:00:00.000Z,2022-07-17T00:00:00.000Z
SVC-965,Academic Tutoring,Housing,Academic Tutoring - Supporting foster and system-impacted youth with essential resources and guidance,Better Youth Direct,County Services,System-Impacted Youth,0,83.00,Grant Funded,true,0,STF-0015,Standard,None,Active,2022-01-19T00:00:00.000Z,2022-07-18T00:00:00.000Z
SVC-965,College Prep Support,Housing,College Prep Support - Supporting foster and system-impacted youth with essential resources and guidance,Better Youth Direct,Community Foundation,Emergency Only,0,84.00,Grant Funded,true,0,STF-0040,Standard,None,Active,2022-01-20T00:00:00.000Z,2022-07-19T00:00:00.000Z
SVC-965,SAT/ACT Prep,Housing,SAT/ACT Prep - Supporting foster and system-impacted youth with essential resources and guidance,Better Youth Direct,Local Church,Income-Based,0,85.00,Grant Funded,true,0,STF-0041,Standard,None,Active,2022-01-21T00:00:00.000Z,2022-07-20T00:00:00.000Z
SVC-965,Job Placement Assistance,Basic Needs,Job Placement Assistance - Supporting foster and system-impacted youth with essential resources and guidance,Better Youth Direct,Youth Shelter Network,Referral Required,0,86.00,Grant Funded,true,0,STF-0026,Standard,None,Active,2022-01-22T00:00:00.000Z,2022-07-21T00:00:00.000Z
SVC-965,Resume Building,Basic Needs,Resume Building - Supporting foster and system-impacted youth with essential resources and guidance,Better Youth Direct,Career Center,All Enrolled Students,0,87.00,Grant Funded,true,0,STF-0034,Standard,None,Active,2022-01-23T00:00:00.000Z,2022-07-22T00:00:00.000Z
SVC-965,Interview Coaching,Basic Needs,Interview Coaching - Supporting foster and system-impacted youth with essential resources and guidance,Better Youth Direct,Health Clinic,Age 16+,0,88.00,Grant Funded,true,0,STF-0046,Standard,None,Active,2022-01-24T00:00:00.000Z,2022-07-23T00:00:00.000Z
SVC-965,Financial Literacy Coaching,Basic Needs,Financial Literacy Coaching - Supporting foster and system-impacted youth with essential resources and guidance,Better Youth Direct,Legal Aid Society,Foster Youth Only,0,89.00,Grant Funded,true,0,STF-0028,Standard,None,Active,2022-01-25T00:00:00.000Z,2022-07-24T00:00:00.000Z
SVC-965,Banking Setup,Basic Needs,Banking Setup - Supporting foster and system-impacted youth with essential resources and guidance,Better Youth Direct,Better Youth,System-Impacted Youth,0,90.00,Grant Funded,true,0,STF-0040,Standard,None,Active,2022-01-26T00:00:00.000Z,2022-07-25T00:00:00.000Z
SVC-965,ID Document Assistance,Basic Needs,ID Document Assistance - Supporting foster and system-impacted youth with essential resources and guidance,Better Youth Direct,United Way,Emergency Only,0,91.00,Grant Funded,true,0,STF-0041,Standard,None,Active,2022-01-27T00:00:00.000Z,2022-07-26T00:00:00.000Z
SVC-965,Healthcare Navigation,Basic Needs,Healthcare Navigation - Supporting foster and system-impacted youth with essential resources and guidance,Better Youth Direct,County Services,Income-Based,0,92.00,Grant Funded,true,0,STF-0042,Standard,None,Active,2022-01-28T00:00:00.000Z,2022-07-27T00:00:00.000Z
SVC-965,Insurance Enrollment,Basic Needs,Insurance Enrollment - Supporting foster and system-impacted youth with essential resources and guidance,Better Youth Direct,Community Foundation,Referral Required,0,93.00,Grant Funded,true,0,STF-0044,Standard,None,Active,2022-01-29T00:00:00.000Z,2022-07-28T00:00:00.000Z
SVC-965,Legal Aid Referral,Basic Needs,Legal Aid Referral - Supporting foster and system-impacted youth with essential resources and guidance,Better Youth Direct,Local Church,All Enrolled Students,1,94.00,Grant Funded,true,1,STF-0006,Standard,ID Only,Active,2022-01-30T00:00:00.000Z,2022-07-29T00:00:00.000Z
SVC-965,Family Reunification Support,Basic Needs,Family Reunification Support - Supporting foster and system-impacted youth with essential resources and guidance,Better Youth Direct,Youth Shelter Network,Age 16+,1,95.00,Grant Funded,true,1,STF-0050,Standard,ID Only,Active,2022-01-31T00:00:00.000Z,2022-07-30T00:00:00.000Z
SVC-965,Independent Living Skills,Basic Needs,Independent Living Skills - Supporting foster and system-impacted youth with essential resources and guidance,Better Youth Direct,Career Center,Foster Youth Only,1,96.00,Grant Funded,true,1,STF-0047,Standard,ID Only,Active,2022-02-01T00:00:00.000Z,2022-07-31T00:00:00.000Z
SVC-965,Transitional Housing,Basic Needs,Transitional Housing - Supporting foster and system-impacted youth with essential resources and guidance,Better Youth Direct,Health Clinic,System-Impacted Youth,1,97.00,Grant Funded,true,1,STF-0005,Standard,ID Only,Active,2022-02-02T00:00:00.000Z,2022-08-01T00:00:00.000Z
SVC-965,Technology Access,Basic Needs,Technology Access - Supporting foster and system-impacted youth with essential resources and guidance,Better Youth Direct,Legal Aid Society,Emergency Only,1,98.00,Grant Funded,true,1,STF-0020,Standard,ID Only,Active,2022-02-03T00:00:00.000Z,2022-08-02T00:00:00.000Z
SVC-965,Housing Assistance,Basic Needs,Housing Assistance - Supporting foster and system-impacted youth with essential resources and guidance,Better Youth Direct,Better Youth,Income-Based,1,99.00,Grant Funded,true,1,STF-0045,Standard,ID Only,Active,2022-02-04T00:00:00.000Z,2022-08-03T00:00:00.000Z
SVC-965,Emergency Shelter Referral,Basic Needs,Emergency Shelter Referral - Supporting foster and system-impacted youth with essential resources and guidance,Better Youth Direct,United Way,Referral Required,1,100.00,Grant Funded,true,1,STF-0014,Standard,ID Only,Active,2022-02-05T00:00:00.000Z,2022-08-04T00:00:00.000Z
SVC-965,Transportation Support,Mental Health,Transportation Support - Supporting foster and system-impacted youth with essential resources and guidance,Better Youth Direct,County Services,All Enrolled Students,1,101.00,Grant Funded,true,1,STF-0001,Standard,ID Only,Active,2022-02-06T00:00:00.000Z,2022-08-05T00:00:00.000Z
SVC-965,Food Assistance,Mental Health,Food Assistance - Supporting foster and system-impacted youth with essential resources and guidance,Better Youth Direct,Community Foundation,Age 16+,1,102.00,Grant Funded,true,1,STF-0007,Standard,ID Only,Active,2022-02-07T00:00:00.000Z,2022-08-06T00:00:00.000Z
SVC-965,Clothing Closet,Mental Health,Clothing Closet - Supporting foster and system-impacted youth with essential resources and guidance,Better Youth Direct,Local Church,Foster Youth Only,1,103.00,Grant Funded,true,1,STF-0042,Standard,ID Only,Active,2022-02-08T00:00:00.000Z,2022-08-07T00:00:00.000Z
SVC-965,School Supplies,Mental Health,School Supplies - Supporting foster and system-impacted youth with essential resources and guidance,Partner Organization,Youth Shelter Network,System-Impacted Youth,1,104.00,Donations,true,1,STF-0026,Standard,ID Only,Active,2022-02-09T00:00:00.000Z,2022-08-08T00:00:00.000Z
SVC-965,Mental Health Counseling,Mental Health,Mental Health Counseling - Supporting foster and system-impacted youth with essential resources and guidance,Partner Organization,Career Center,Emergency Only,1,105.00,Donations,true,1,STF-0027,Standard,ID Only,Active,2022-02-10T00:00:00.000Z,2022-08-09T00:00:00.000Z
SVC-965,Crisis Intervention,Mental Health,Crisis Intervention - Supporting foster and system-impacted youth with essential resources and guidance,Partner Organization,Health Clinic,Income-Based,1,106.00,Donations,true,1,STF-0042,Standard,ID Only,Active,2022-02-11T00:00:00.000Z,2022-08-10T00:00:00.000Z
SVC-965,Peer Support Groups,Mental Health,Peer Support Groups - Supporting foster and system-impacted youth with essential resources and guidance,Partner Organization,Legal Aid Society,Referral Required,1,107.00,Donations,true,1,STF-0015,Standard,ID Only,Active,2022-02-12T00:00:00.000Z,2022-08-11T00:00:00.000Z
SVC-965,Academic Tutoring,Mental Health,Academic Tutoring - Supporting foster and system-impacted youth with essential resources and guidance,Partner Organization,Better Youth,All Enrolled Students,1,108.00,Donations,true,1,STF-0022,Standard,ID Only,Active,2022-02-13T00:00:00.000Z,2022-08-12T00:00:00.000Z
SVC-965,College Prep Support,Mental Health,College Prep Support - Supporting foster and system-impacted youth with essential resources and guidance,Partner Organization,United Way,Age 16+,4,109.00,Donations,true,1,STF-0006,Standard,ID Only,Active,2022-02-14T00:00:00.000Z,2022-08-13T00:00:00.000Z
SVC-965,SAT/ACT Prep,Mental Health,SAT/ACT Prep - Supporting foster and system-impacted youth with essential resources and guidance,Partner Organization,County Services,Foster Youth Only,4,110.00,Donations,true,1,STF-0043,Standard,ID Only,Active,2022-02-15T00:00:00.000Z,2022-08-14T00:00:00.000Z
SVC-965,Job Placement Assistance,Mental Health,Job Placement Assistance - Supporting foster and system-impacted youth with essential resources and guidance,Partner Organization,Community Foundation,System-Impacted Youth,4,111.00,Donations,true,1,STF-0024,Standard,ID Only,Active,2022-02-16T00:00:00.000Z,2022-08-15T00:00:00.000Z
SVC-965,Resume Building,Mental Health,Resume Building - Supporting foster and system-impacted youth with essential resources and guidance,Partner Organization,Local Church,Emergency Only,4,112.00,Donations,true,1,STF-0002,Standard,ID Only,Active,2022-02-17T00:00:00.000Z,2022-08-16T00:00:00.000Z
SVC-965,Interview Coaching,Education,Interview Coaching - Supporting foster and system-impacted youth with essential resources and guidance,Partner Organization,Youth Shelter Network,Income-Based,4,113.00,Donations,true,1,STF-0014,Standard,ID Only,Active,2022-02-18T00:00:00.000Z,2022-08-17T00:00:00.000Z
SVC-965,Financial Literacy Coaching,Education,Financial Literacy Coaching - Supporting foster and system-impacted youth with essential resources and guidance,Partner Organization,Career Center,Referral Required,4,114.00,Donations,true,1,STF-0048,Standard,ID Only,Active,2022-02-19T00:00:00.000Z,2022-08-18T00:00:00.000Z
SVC-965,Banking Setup,Education,Banking Setup - Supporting foster and system-impacted youth with essential resources and guidance,Partner Organization,Health Clinic,All Enrolled Students,4,115.00,Donations,true,1,STF-0041,Standard,ID Only,Active,2022-02-20T00:00:00.000Z,2022-08-19T00:00:00.000Z
SVC-965,ID Document Assistance,Education,ID Document Assistance - Supporting foster and system-impacted youth with essential resources and guidance,Partner Organization,Legal Aid Society,Age 16+,4,116.00,Donations,true,1,STF-0027,Standard,ID Only,Active,2022-02-21T00:00:00.000Z,2022-08-20T00:00:00.000Z
SVC-965,Healthcare Navigation,Education,Healthcare Navigation - Supporting foster and system-impacted youth with essential resources and guidance,Partner Organization,Better Youth,Foster Youth Only,4,117.00,Donations,true,1,STF-0035,Standard,ID Only,Active,2022-02-22T00:00:00.000Z,2022-08-21T00:00:00.000Z
SVC-965,Insurance Enrollment,Education,Insurance Enrollment - Supporting foster and system-impacted youth with essential resources and guidance,Partner Organization,United Way,System-Impacted Youth,4,118.00,Donations,true,1,STF-0026,Standard,ID Only,Active,2022-02-23T00:00:00.000Z,2022-08-22T00:00:00.000Z
SVC-965,Legal Aid Referral,Education,Legal Aid Referral - Supporting foster and system-impacted youth with essential resources and guidance,Partner Organization,County Services,Emergency Only,4,119.00,Donations,true,3,STF-0045,Standard,ID Only,Active,2022-02-24T00:00:00.000Z,2022-08-23T00:00:00.000Z
SVC-965,Family Reunification Support,Education,Family Reunification Support - Supporting foster and system-impacted youth with essential resources and guidance,Partner Organization,Community Foundation,Income-Based,4,120.00,Donations,true,3,STF-0016,Standard,ID Only,Active,2022-02-25T00:00:00.000Z,2022-08-24T00:00:00.000Z
SVC-965,Independent Living Skills,Education,Independent Living Skills - Supporting foster and system-impacted youth with essential resources and guidance,Partner Organization,Local Church,Referral Required,4,121.00,Donations,true,3,STF-0031,Standard,ID Only,Active,2022-02-26T00:00:00.000Z,2022-08-25T00:00:00.000Z
SVC-965,Transitional Housing,Education,Transitional Housing - Supporting foster and system-impacted youth with essential resources and guidance,Partner Organization,Youth Shelter Network,All Enrolled Students,4,122.00,Donations,true,3,STF-0042,Standard,ID Only,Active,2022-02-27T00:00:00.000Z,2022-08-26T00:00:00.000Z
SVC-965,Technology Access,Education,Technology Access - Supporting foster and system-impacted youth with essential resources and guidance,Partner Organization,Career Center,Age 16+,4,123.00,Donations,true,3,STF-0012,Standard,ID Only,Active,2022-02-28T00:00:00.000Z,2022-08-27T00:00:00.000Z
SVC-965,Housing Assistance,Education,Housing Assistance - Supporting foster and system-impacted youth with essential resources and guidance,Partner Organization,Health Clinic,Foster Youth Only,4,124.00,Donations,true,3,STF-0035,Enhanced,Income Verification,Active,2022-03-01T00:00:00.000Z,2022-08-28T00:00:00.000Z
SVC-965,Emergency Shelter Referral,Education,Emergency Shelter Referral - Supporting foster and system-impacted youth with essential resources and guidance,Partner Organization,Legal Aid Society,System-Impacted Youth,4,125.00,Donations,true,3,STF-0012,Enhanced,Income Verification,Active,2022-03-02T00:00:00.000Z,2022-08-29T00:00:00.000Z
SVC-965,Transportation Support,Education,Transportation Support - Supporting foster and system-impacted youth with essential resources and guidance,Partner Organization,Better Youth,Emergency Only,4,126.00,Donations,true,3,STF-0032,Enhanced,Income Verification,Active,2022-03-03T00:00:00.000Z,2022-08-30T00:00:00.000Z
SVC-965,Food Assistance,Education,Food Assistance - Supporting foster and system-impacted youth with essential resources and guidance,Partner Organization,United Way,Income-Based,4,127.00,Donations,true,3,STF-0040,Enhanced,Income Verification,Active,2022-03-04T00:00:00.000Z,2022-08-31T00:00:00.000Z
SVC-965,Clothing Closet,Employment,Clothing Closet - Supporting foster and system-impacted youth with essential resources and guidance,Partner Organization,County Services,Referral Required,4,128.00,Donations,true,3,STF-0013,Enhanced,Income Verification,Active,2022-03-05T00:00:00.000Z,2022-09-01T00:00:00.000Z
SVC-965,School Supplies,Employment,School Supplies - Supporting foster and system-impacted youth with essential resources and guidance,Partner Organization,Community Foundation,All Enrolled Students,4,129.00,Government,true,3,STF-0005,Enhanced,Income Verification,Active,2022-03-06T00:00:00.000Z,2022-09-02T00:00:00.000Z
SVC-965,Mental Health Counseling,Employment,Mental Health Counseling - Supporting foster and system-impacted youth with essential resources and guidance,Partner Organization,Local Church,Age 16+,4,130.00,Government,true,3,STF-0040,Enhanced,Income Verification,Active,2022-03-07T00:00:00.000Z,2022-09-03T00:00:00.000Z
SVC-965,Crisis Intervention,Employment,Crisis Intervention - Supporting foster and system-impacted youth with essential resources and guidance,Partner Organization,Youth Shelter Network,Foster Youth Only,4,131.00,Government,true,3,STF-0033,Enhanced,Income Verification,Active,2022-03-08T00:00:00.000Z,2022-09-04T00:00:00.000Z
SVC-965,Peer Support Groups,Employment,Peer Support Groups - Supporting foster and system-impacted youth with essential resources and guidance,Partner Organization,Career Center,System-Impacted Youth,4,132.00,Government,true,3,STF-0022,Enhanced,Income Verification,Active,2022-03-09T00:00:00.000Z,2022-09-05T00:00:00.000Z
SVC-965,Academic Tutoring,Employment,Academic Tutoring - Supporting foster and system-impacted youth with essential resources and guidance,Partner Organization,Health Clinic,Emergency Only,4,133.00,Government,true,3,STF-0019,Enhanced,Income Verification,Active,2022-03-10T00:00:00.000Z,2022-09-06T00:00:00.000Z
SVC-965,College Prep Support,Employment,College Prep Support - Supporting foster and system-impacted youth with essential resources and guidance,Government Agency,Legal Aid Society,Income-Based,12,134.00,Government,false,3,STF-0041,Enhanced,Income Verification,Active,2022-03-11T00:00:00.000Z,2022-09-07T00:00:00.000Z
SVC-965,SAT/ACT Prep,Employment,SAT/ACT Prep - Supporting foster and system-impacted youth with essential resources and guidance,Government Agency,Better Youth,Referral Required,12,135.00,Government,false,3,STF-0001,Enhanced,Income Verification,Active,2022-03-12T00:00:00.000Z,2022-09-08T00:00:00.000Z
SVC-965,Job Placement Assistance,Employment,Job Placement Assistance - Supporting foster and system-impacted youth with essential resources and guidance,Government Agency,United Way,All Enrolled Students,12,136.00,Government,false,3,STF-0002,Enhanced,Income Verification,Active,2022-03-13T00:00:00.000Z,2022-09-09T00:00:00.000Z
SVC-965,Resume Building,Employment,Resume Building - Supporting foster and system-impacted youth with essential resources and guidance,Government Agency,County Services,Age 16+,12,137.00,Government,false,3,STF-0007,Enhanced,Income Verification,Active,2022-03-14T00:00:00.000Z,2022-09-10T00:00:00.000Z
SVC-965,Interview Coaching,Employment,Interview Coaching - Supporting foster and system-impacted youth with essential resources and guidance,Government Agency,Community Foundation,Foster Youth Only,12,138.00,Government,false,3,STF-0021,Enhanced,Income Verification,Active,2022-03-15T00:00:00.000Z,2022-09-11T00:00:00.000Z
SVC-965,Financial Literacy Coaching,Employment,Financial Literacy Coaching - Supporting foster and system-impacted youth with essential resources and guidance,Government Agency,Local Church,System-Impacted Youth,12,139.00,Government,false,7,STF-0016,Enhanced,Income Verification,Active,2022-03-16T00:00:00.000Z,2022-09-12T00:00:00.000Z
SVC-965,Banking Setup,Financial,Banking Setup - Supporting foster and system-impacted youth with essential resources and guidance,Government Agency,Youth Shelter Network,Emergency Only,12,140.00,Government,false,7,STF-0019,Enhanced,Income Verification,Active,2022-03-17T00:00:00.000Z,2022-09-13T00:00:00.000Z
SVC-965,ID Document Assistance,Financial,ID Document Assistance - Supporting foster and system-impacted youth with essential resources and guidance,Government Agency,Career Center,Income-Based,12,141.00,Government,false,7,STF-0004,Enhanced,Income Verification,Active,2022-03-18T00:00:00.000Z,2022-09-14T00:00:00.000Z
SVC-965,Healthcare Navigation,Financial,Healthcare Navigation - Supporting foster and system-impacted youth with essential resources and guidance,Government Agency,Health Clinic,Referral Required,12,142.00,Government,false,7,STF-0005,Enhanced,Income Verification,Active,2022-03-19T00:00:00.000Z,2022-09-15T00:00:00.000Z
SVC-965,Insurance Enrollment,Financial,Insurance Enrollment - Supporting foster and system-impacted youth with essential resources and guidance,Government Agency,Legal Aid Society,All Enrolled Students,12,143.00,Government,false,7,STF-0040,Enhanced,Income Verification,Active,2022-03-20T00:00:00.000Z,2022-09-16T00:00:00.000Z
SVC-965,Legal Aid Referral,Financial,Legal Aid Referral - Supporting foster and system-impacted youth with essential resources and guidance,Government Agency,Better Youth,Age 16+,12,144.00,Government,false,7,STF-0007,Enhanced,School Enrollment,Active,2022-03-21T00:00:00.000Z,2022-09-17T00:00:00.000Z
SVC-965,Family Reunification Support,Financial,Family Reunification Support - Supporting foster and system-impacted youth with essential resources and guidance,Government Agency,United Way,Foster Youth Only,12,145.00,Government,false,7,STF-0021,Enhanced,School Enrollment,Active,2022-03-22T00:00:00.000Z,2022-09-18T00:00:00.000Z
SVC-965,Independent Living Skills,Financial,Independent Living Skills - Supporting foster and system-impacted youth with essential resources and guidance,Government Agency,County Services,System-Impacted Youth,12,146.00,Government,false,7,STF-0018,Enhanced,School Enrollment,Active,2022-03-23T00:00:00.000Z,2022-09-19T00:00:00.000Z
SVC-965,Transitional Housing,Financial,Transitional Housing - Supporting foster and system-impacted youth with essential resources and guidance,Government Agency,Community Foundation,Emergency Only,12,147.00,Government,false,7,STF-0006,Enhanced,School Enrollment,Active,2022-03-24T00:00:00.000Z,2022-09-20T00:00:00.000Z
SVC-965,Technology Access,Financial,Technology Access - Supporting foster and system-impacted youth with essential resources and guidance,Government Agency,Local Church,Income-Based,12,148.00,Government,false,7,STF-0039,Enhanced,School Enrollment,Active,2022-03-25T00:00:00.000Z,2022-09-21T00:00:00.000Z
SVC-965,Housing Assistance,Financial,Housing Assistance - Supporting foster and system-impacted youth with essential resources and guidance,Volunteer Network,Youth Shelter Network,Referral Required,12,149.00,Partner Funded,false,7,STF-0006,High - Mental Health,School Enrollment,Active,2022-03-26T00:00:00.000Z,2022-09-22T00:00:00.000Z
SVC-965,Emergency Shelter Referral,Healthcare,Emergency Shelter Referral - Supporting foster and system-impacted youth with essential resources and guidance,Volunteer Network,Career Center,All Enrolled Students,12,150.00,Partner Funded,false,7,STF-0014,High - Mental Health,School Enrollment,Active,2022-03-27T00:00:00.000Z,2022-09-23T00:00:00.000Z
SVC-965,Transportation Support,Healthcare,Transportation Support - Supporting foster and system-impacted youth with essential resources and guidance,Volunteer Network,Health Clinic,Age 16+,12,151.00,Partner Funded,false,7,STF-0024,High - Mental Health,School Enrollment,Active,2022-03-28T00:00:00.000Z,2022-09-24T00:00:00.000Z
SVC-965,Food Assistance,Healthcare,Food Assistance - Supporting foster and system-impacted youth with essential resources and guidance,Volunteer Network,Legal Aid Society,Foster Youth Only,12,152.00,Partner Funded,false,7,STF-0003,High - Mental Health,School Enrollment,Active,2022-03-29T00:00:00.000Z,2022-09-25T00:00:00.000Z
SVC-965,Clothing Closet,Healthcare,Clothing Closet - Supporting foster and system-impacted youth with essential resources and guidance,Volunteer Network,Better Youth,System-Impacted Youth,12,153.00,Partner Funded,false,7,STF-0025,High - Mental Health,School Enrollment,Active,2022-03-30T00:00:00.000Z,2022-09-26T00:00:00.000Z
SVC-965,School Supplies,Healthcare,School Supplies - Supporting foster and system-impacted youth with essential resources and guidance,Volunteer Network,United Way,Emergency Only,12,154.00,Partner Funded,false,14,STF-0004,High - Mental Health,School Enrollment,Limited Availability,2022-03-31T00:00:00.000Z,2022-09-27T00:00:00.000Z
SVC-965,Mental Health Counseling,Healthcare,Mental Health Counseling - Supporting foster and system-impacted youth with essential resources and guidance,Volunteer Network,County Services,Income-Based,12,155.00,Partner Funded,false,14,STF-0023,High - Mental Health,School Enrollment,Limited Availability,2022-04-01T00:00:00.000Z,2022-09-28T00:00:00.000Z
SVC-965,Crisis Intervention,Healthcare,Crisis Intervention - Supporting foster and system-impacted youth with essential resources and guidance,Volunteer Network,Community Foundation,Referral Required,12,156.00,Partner Funded,false,14,STF-0028,High - Mental Health,School Enrollment,Limited Availability,2022-04-02T00:00:00.000Z,2022-09-29T00:00:00.000Z
SVC-965,Peer Support Groups,Healthcare,Peer Support Groups - Supporting foster and system-impacted youth with essential resources and guidance,Volunteer Network,Local Church,All Enrolled Students,12,157.00,Partner Funded,false,14,STF-0035,High - Mental Health,School Enrollment,Limited Availability,2022-04-03T00:00:00.000Z,2022-09-30T00:00:00.000Z
SVC-965,Academic Tutoring,Legal,Academic Tutoring - Supporting foster and system-impacted youth with essential resources and guidance,Volunteer Network,Youth Shelter Network,Age 16+,12,158.00,Partner Funded,false,14,STF-0050,High - Mental Health,School Enrollment,Limited Availability,2022-04-04T00:00:00.000Z,2022-10-01T00:00:00.000Z
SVC-965,College Prep Support,Legal,College Prep Support - Supporting foster and system-impacted youth with essential resources and guidance,Volunteer Network,Career Center,Foster Youth Only,52,159.00,Partner Funded,false,14,STF-0031,High - Mental Health,Multiple Documents,Limited Availability,2022-04-05T00:00:00.000Z,2022-10-02T00:00:00.000Z
SVC-965,SAT/ACT Prep,Legal,SAT/ACT Prep - Supporting foster and system-impacted youth with essential resources and guidance,Volunteer Network,Health Clinic,System-Impacted Youth,52,160.00,Partner Funded,false,14,STF-0016,High - Mental Health,Multiple Documents,Limited Availability,2022-04-06T00:00:00.000Z,2022-10-03T00:00:00.000Z
SVC-965,Job Placement Assistance,Legal,Job Placement Assistance - Supporting foster and system-impacted youth with essential resources and guidance,Volunteer Network,Legal Aid Society,Emergency Only,52,161.00,Partner Funded,false,14,STF-0049,High - Mental Health,Multiple Documents,Limited Availability,2022-04-07T00:00:00.000Z,2022-10-04T00:00:00.000Z
SVC-965,Resume Building,Legal,Resume Building - Supporting foster and system-impacted youth with essential resources and guidance,Volunteer Network,Better Youth,Income-Based,52,162.00,Partner Funded,false,14,STF-0029,High - Mental Health,Multiple Documents,Limited Availability,2022-04-08T00:00:00.000Z,2022-10-05T00:00:00.000Z
SVC-965,Interview Coaching,Life Skills,Interview Coaching - Supporting foster and system-impacted youth with essential resources and guidance,Volunteer Network,United Way,Referral Required,52,163.00,Partner Funded,false,14,STF-0025,High - Mental Health,Multiple Documents,Limited Availability,2022-04-09T00:00:00.000Z,2022-10-06T00:00:00.000Z
SVC-965,Financial Literacy Coaching,Life Skills,Financial Literacy Coaching - Supporting foster and system-impacted youth with essential resources and guidance,Community Resource,County Services,All Enrolled Students,52,164.00,Mixed,false,30,STF-0006,High - Legal,Multiple Documents,Limited Availability,2022-04-10T00:00:00.000Z,2022-10-07T00:00:00.000Z
SVC-965,Banking Setup,Life Skills,Banking Setup - Supporting foster and system-impacted youth with essential resources and guidance,Community Resource,Community Foundation,Age 16+,52,165.00,Mixed,false,30,STF-0042,High - Legal,Multiple Documents,Limited Availability,2022-04-11T00:00:00.000Z,2022-10-08T00:00:00.000Z
SVC-965,ID Document Assistance,Life Skills,ID Document Assistance - Supporting foster and system-impacted youth with essential resources and guidance,Community Resource,Local Church,Foster Youth Only,52,166.00,Mixed,false,30,STF-0026,High - Legal,Multiple Documents,Temporarily Suspended,2022-04-12T00:00:00.000Z,2022-10-09T00:00:00.000Z
SVC-965,Healthcare Navigation,Life Skills,Healthcare Navigation - Supporting foster and system-impacted youth with essential resources and guidance,Community Resource,Youth Shelter Network,System-Impacted Youth,52,167.00,Mixed,false,30,STF-0050,High - Legal,Multiple Documents,Temporarily Suspended,2022-04-13T00:00:00.000Z,2022-10-10T00:00:00.000Z
SVC-965,Insurance Enrollment,Life Skills,Insurance Enrollment - Supporting foster and system-impacted youth with essential resources and guidance,Community Resource,Career Center,Emergency Only,52,168.00,Mixed,false,30,STF-0027,High - Legal,Multiple Documents,Temporarily Suspended,2022-04-14T00:00:00.000Z,2022-10-11T00:00:00.000Z
SVC-965,Legal Aid Referral,Life Skills,Legal Aid Referral - Supporting foster and system-impacted youth with essential resources and guidance,Community Resource,Health Clinic,Income-Based,52,169.00,Mixed,false,30,STF-0038,High - Legal,Multiple Documents,Temporarily Suspended,2022-04-15T00:00:00.000Z,2022-10-12T00:00:00.000Z
SVC-965,Family Reunification Support,Life Skills,Family Reunification Support - Supporting foster and system-impacted youth with essential resources and guidance,Community Resource,Legal Aid Society,Referral Required,52,170.00,Mixed,false,30,STF-0033,High - Legal,Multiple Documents,Temporarily Suspended,2022-04-16T00:00:00.000Z,2022-10-13T00:00:00.000Z
SVC-965,Independent Living Skills,Technology,Independent Living Skills - Supporting foster and system-impacted youth with essential resources and guidance,Community Resource,Better Youth,All Enrolled Students,52,171.00,Mixed,false,30,STF-0019,High - Legal,Multiple Documents,Under Review,2022-04-17T00:00:00.000Z,2022-10-14T00:00:00.000Z
SVC-965,Transitional Housing,Technology,Transitional Housing - Supporting foster and system-impacted youth with essential resources and guidance,Community Resource,United Way,Age 16+,52,172.00,Mixed,false,30,STF-0012,High - Legal,Multiple Documents,Under Review,2022-04-18T00:00:00.000Z,2022-10-15T00:00:00.000Z
SVC-965,Technology Access,Technology,Technology Access - Supporting foster and system-impacted youth with essential resources and guidance,Community Resource,County Services,Foster Youth Only,52,173.00,Mixed,false,30,STF-0020,High - Legal,Multiple Documents,Under Review,2022-04-19T00:00:00.000Z,2022-10-16T00:00:00.000Z
